D01, 31-Jan-22, 8
D02, 31-Jan-22, 8
D03, 31-Jan-22, 8
D04, 31-Jan-22, 8
D05, 31-Jan-22, 8
D06, 31-Jan-22, 8
D07, 31-Jan-22, 8
D08, 31-Jan-22, 8
D09, 31-Jan-22, 8
D10, 31-Jan-22, 8
D11, 31-Jan-22, 8
D12, 31-Jan-22, 8
D01, 5-Feb-22, 7
D02, 5-Feb-22, 8
D03, 5-Feb-22, 10
D04, 5-Feb-22, 8
D05, 5-Feb-22, 8
D06, 5-Feb-22, 5
D07, 5-Feb-22, 8
D08, 5-Feb-22, 8
D09, 5-Feb-22, 4
D10, 5-Feb-22, 8
D11, 5-Feb-22, 3
D12, 5-Feb-22, 8
D01, 3-Mar-22, 8
D02, 3-Mar-22, 8
D03, 3-Mar-22, 8
D04, 3-Mar-22, 8
D05, 3-Mar-22, 8
D06, 3-Mar-22, 8
D07, 3-Mar-22, 8
D08, 3-Mar-22, 8
D09, 3-Mar-22, 8
D10, 3-Mar-22, 8
D11, 3-Mar-22, 8
D12, 3-Mar-22, 8
